adfecgdb	Abdominal and Direct Fetal ECG Database	9 August 2012
aftdb	AF Termination Challenge Database	11 April 2004
ahadb	AHA Database [sample excluded record]	6 June 2003
aami-ec13	ANSI/AAMI EC13 Test Waveforms	3 January 2003
apnea-ecg	Apnea-ECG Database	10 February 2000
chfdb	BIDMC Congestive Heart Failure Database	14 October 2000
bidmc	BIDMC PPG and Respiration Dataset	20 June 2018
bpssrat	Blood Pressure in Salt-Sensitive Dahl Rats	26 June 2012
capslpdb	CAP Sleep Database	26 July 2012
crisdb	CAST RR Interval Sub-Study Database	2 July 2004
cves	Cerebral Vasoregulation in Elderly with Stroke	04 October 2018
charisdb	CHARIS database	19 January 2017
chbmit	CHB-MIT Scalp EEG Database	9 June 2010
ecgcipa	CiPA ECG Validation Study	13 December 2018
cebsdb	Combined measurement of ECG, Breathing and Seismocardiograms	12 December 2014
culm	Complex Upper-Limb Movements	30 August 2018
chf2db	Congestive Heart Failure RR Interval Database	3 March 2003
ctu-uhb-ctgdb	CTU-CHB Intrapartum Cardiotocography Database	18 February 2014
cudb	CU Ventricular Tachyarrhythmia Database	2 May 2007
ecgdmmld	ECG Effects of Dofetilide, Moxifloxacin, Dofetilide+Mexiletine, Dofetilide+Lidocaine and Moxifloxacin+Diltiazem	15 September 2016
ecgrdvq	ECG Effects of Ranolazine, Dofetilide, Verapamil, and Quinidine	26 July 2016 
ecgiddb	ECG-ID Database	6 March 2014 
eegmat	EEG During Mental Arithmetic Tasks	17 December 2018
eegmmidb	EEG Motor Movement/Imagery Dataset	9 September 2009
ltrsvp	EEG Signals from an RSVP Task	19 May 2017
erpbci	ERP-based Brain-Computer Interface recordings	4 March 2014
edb	European ST-T Database	27 November 2009
earh	Evoked Auditory Responses in Heading Impaired	26 September 2017
earndb	Evoked Auditory Responses in Normals	3 February 2011
emgdb	Examples of Electromyograms	5 September 2009
fantasia	Fantasia Database	2 March 2003
fecgsyndb	Fetal ECG Synthetic Database	29 April 2016
fpcgdb	Fetal PCG Database	16 December 2015
gaitdb	Gait in Aging and Disease Database	13 October 2000
gaitndd	Gait in Neurodegenerative Disease Database	21 December 2000
gait-maturation-db	Gait Maturation Database	28 October 1999
meditation	Heart Rate Oscillations during Meditation	13 October 2000
hbedb	Human Balance Evaluation Database	19 May 2016
ehgdb	Icelandic 16-electrode Electrohysterogram Database	9 May 2015
iafdb	Intracardiac Atrial Fibrillation Database	4 March 2003
ltafdb	Long Term AF Database	30 October 2008
ltstdb	Long Term ST Database	29 November 2000
mssvepdb	MAMEM SSVEP Database	3 September 2016
mghdb	MGH/MF Waveform Database	10 June 2002
mimicdb	MIMIC Database	15 March 2000
mitdb	MIT-BIH Arrhythmia Database	24 February 2005
pwave	MIT-BIH Arrhythmia Database P-Wave Annotations	09 January 2018
afdb	MIT-BIH Atrial Fibrillation Database	4 November 2000
cdb	MIT-BIH ECG Compression Test Database	3 August 1999
ltdb	MIT-BIH Long-Term ECG Database	3 August 1999
vfdb	MIT-BIH Malignant Ventricular Ectopy Database	3 August 1999
nstdb	MIT-BIH Noise Stress Test Database	3 August 1999
nsrdb	MIT-BIH Normal Sinus Rhythm Database	3 August 1999
excluded	Recordings excluded from the NSR DB	3 August 1999
slpdb	MIT-BIH Polysomnographic Database	3 August 1999
stdb	MIT-BIH ST Change Database	3 August 1999
svdb	MIT-BIH Supraventricular Arrhythmia Database	3 August 1999
mmgdb	MMG Database	04 March 2016
macecgdb	Motion Artifact Contaminated ECG Database	18 December 2015
motion-artifact	Motion Artifact Contaminated fNIRS and EEG Data	3 March 2014
noneeg	Non-EEG Dataset for Assessment of Neurological Status	19 July 2017
nifecgdb	Non-Invasive Fetal ECG Database	6 September 2007
nsr2db	Normal Sinus Rhythm RR Interval Database	3 March 2003
ob1db	OB-1 Fetal ECG Database [sample record]	3 August 2012
afpdb	PAF Prediction Challenge Database	1 March 2001
osv	Pattern Analysis of Oxygen Saturation Variability	27 September 2017
prcp	Physiologic Response to Changes in Posture	18 February 2016
szdb	Post-Ictal Heart Rate Oscillations in Partial Epilepsy	22 October 1999
picsdb	Preterm Infant Cardio-Respiratory Signals Database	09 February 2017
ptbdb	PTB Diagnostic ECG Database	25 September 2004
qtdb	QT Database	16 November 1999
rvmh1	Response to Valsalva Maneuver in Humans	14 November 2018
sufhsdb	Shiraz University Fetal Heart Sounds Database	19 July 2017
simfpcgdb	Simulated Fetal Phonocardiograms	21 January 2014
sleepbrl	Sleep Bioradiolocation Database	07 February 2018
sleep-edf	Sleep-EDF Database	12 December 2002
sleep-edfx	Sleep-EDF Database [Expanded]	24 October 2013
shhpsgdb	Sleep Heart Health Study PSG Database [sample record]	23 October 2003
shareedb	Smart Health for Assessing the Risk of Events via ECG Database	19 May 2015
mvtdb	Spontaneous Ventricular Tachyarrhythmia Database	2 May 2007
sgamp	Squid Giant Axon Membrane Potential	15 April 2016
incartdb	St Petersburg INCART 12-lead Arrhythmia Database	1 May 2008
staffiii	STAFF III Database	31 January 2017
drivedb	Stress Recognition in Automobile Drivers	15 May 2008
sddb	Sudden Cardiac Death Holter Database	2 July 2004
tns	Surrogate Data with Correlations, Trends, and Nonstationarities	7 March 2003
twadb	T-Wave Alternans Challenge Database	22 September 2008
taichidb	Tai Chi, Physiological Complexity, and Healthy Aging - Gait	11 May 2017
tpehgdb	Term-Preterm EHG Database	21 January 2011
tpehgt	Term-Preterm EHG DataSet with Tocogram (TPEHGT DS)	29 August 2018
ucddb	UCD Sleep Apnea Database	9 October 2007
unicaprop	UniCA ElectroTastegram Database (PROP)	19 July 2017
videopulse	Video Pulse Signals in Stationary and Motion Conditions	12 July 2017
voiced	VOice ICar fEDerico II Database	07 June 2018
wrist	Wrist PPG During Exercise	20 October 2017
tremordb	Effect of Deep Brain Stimulation on Parkinsonian Tremor	27 August 2001
nqmitcsxpd	neuroQWERTY MIT-CSXPD Dataset	20 December 2016
qde	Quantitative Dehydration Estimation	10 August 2017
tappy	Tappy Keystroke Data	20 October 2017
umwdb	Long-term Recordings of Gait Dynamics	16 August 2001
gaitpdb	Gait in Parkinson's Disease	25 February 2008
plantar	Modulation of Plantar Pressure and Muscle During Gait	17 July 2018
cuiless16	CUILESS2016	24 January 2018
ltmm	Long Term Movement Monitoring Database	20 June 2016
nesfdb	Noise Enhancement of Sensorimotor Function	29 October 2004
pmd	A Pressure Map Dataset for In-bed Posture Classification (pmd)	28 September 2017
santa-fe	Santa Fe Time Series Competition Data Set B	6 January 2000
images	Samples of MR Images	17 August 2001
nifeadb	The Non-Invasive Fetal ECG Arrhythmia Database	19 February 2019
